n_big,n_long,n_big_buy,n_big_sell,n_long_buy,n_long_sell
0.13330183453802064,-0.028320070508336778,0.13981784744312523,0.12678582163291602,-0.028981438671264445,-0.02765870234540911
